Workbook

Sheet 점검표
A1: 학교명 (내부용) | B1: 시·군 | C1: 2026 공식 경기 수 | D1: 투구수 기재 경기 수 | E1: 투구수 기재율 | F1: 주말리그 기록 | G1: 황금사자기 출전 | H1: 청룡기 출전 | I1: 봉황대기 출전 | J1: 연속 3주 이상 기록 구간 수 | K1: 기준 충족 (설정 시트 기준) | L1: 충족 학교 중 순위 (경기 수) | M1: 비고
E2: =IF(AND(ISNUMBER(C2),C2>0),D2/C2,"") | K2: =IF(A2="","",IF(AND(ISNUMBER(E2),E2>=설정!$B$1),"충족","제외")) | L2: =IF(K2="충족",COUNTIFS($K$2:$K$60,"충족",$C$2:$C$60,">"&C2)+1,"")
E3: =IF(AND(ISNUMBER(C3),C3>0),D3/C3,"") | K3: =IF(A3="","",IF(AND(ISNUMBER(E3),E3>=설정!$B$1),"충족","제외")) | L3: =IF(K3="충족",COUNTIFS($K$2:$K$60,"충족",$C$2:$C$60,">"&C3)+1,"")
E4: =IF(AND(ISNUMBER(C4),C4>0),D4/C4,"") | K4: =IF(A4="","",IF(AND(ISNUMBER(E4),E4>=설정!$B$1),"충족","제외")) | L4: =IF(K4="충족",COUNTIFS($K$2:$K$60,"충족",$C$2:$C$60,">"&C4)+1,"")
E5: =IF(AND(ISNUMBER(C5),C5>0),D5/C5,"") | K5: =IF(A5="","",IF(AND(ISNUMBER(E5),E5>=설정!$B$1),"충족","제외")) | L5: =IF(K5="충족",COUNTIFS($K$2:$K$60,"충족",$C$2:$C$60,">"&C5)+1,"")
E6: =IF(AND(ISNUMBER(C6),C6>0),D6/C6,"") | K6: =IF(A6="","",IF(AND(ISNUMBER(E6),E6>=설정!$B$1),"충족","제외")) | L6: =IF(K6="충족",COUNTIFS($K$2:$K$60,"충족",$C$2:$C$60,">"&C6)+1,"")
E7: =IF(AND(ISNUMBER(C7),C7>0),D7/C7,"") | K7: =IF(A7="","",IF(AND(ISNUMBER(E7),E7>=설정!$B$1),"충족","제외")) | L7: =IF(K7="충족",COUNTIFS($K$2:$K$60,"충족",$C$2:$C$60,">"&C7)+1,"")
E8: =IF(AND(ISNUMBER(C8),C8>0),D8/C8,"") | K8: =IF(A8="","",IF(AND(ISNUMBER(E8),E8>=설정!$B$1),"충족","제외")) | L8: =IF(K8="충족",COUNTIFS($K$2:$K$60,"충족",$C$2:$C$60,">"&C8)+1,"")
E9: =IF(AND(ISNUMBER(C9),C9>0),D9/C9,"") | K9: =IF(A9="","",IF(AND(ISNUMBER(E9),E9>=설정!$B$1),"충족","제외")) | L9: =IF(K9="충족",COUNTIFS($K$2:$K$60,"충족",$C$2:$C$60,">"&C9)+1,"")
E10: =IF(AND(ISNUMBER(C10),C10>0),D10/C10,"") | K10: =IF(A10="","",IF(AND(ISNUMBER(E10),E10>=설정!$B$1),"충족","제외")) | L10: =IF(K10="충족",COUNTIFS($K$2:$K$60,"충족",$C$2:$C$60,">"&C10)+1,"")
E11: =IF(AND(ISNUMBER(C11),C11>0),D11/C11,"") | K11: =IF(A11="","",IF(AND(ISNUMBER(E11),E11>=설정!$B$1),"충족","제외")) | L11: =IF(K11="충족",COUNTIFS($K$2:$K$60,"충족",$C$2:$C$60,">"&C11)+1,"")
E12: =IF(AND(ISNUMBER(C12),C12>0),D12/C12,"") | K12: =IF(A12="","",IF(AND(ISNUMBER(E12),E12>=설정!$B$1),"충족","제외")) | L12: =IF(K12="충족",COUNTIFS($K$2:$K$60,"충족",$C$2:$C$60,">"&C12)+1,"")
E13: =IF(AND(ISNUMBER(C13),C13>0),D13/C13,"") | K13: =IF(A13="","",IF(AND(ISNUMBER(E13),E13>=설정!$B$1),"충족","제외")) | L13: =IF(K13="충족",COUNTIFS($K$2:$K$60,"충족",$C$2:$C$60,">"&C13)+1,"")
... E60: =IF(AND(ISNUMBER(C60),C60>0),D60/C60,"") | K60: =IF(A60="","",IF(AND(ISNUMBER(E60),E60>=설정!$B$1),"충족","제외")) | L60: =IF(K60="충족",COUNTIFS($K$2:$K$60,"충족",$C$2:$C$60,">"&C60)+1,"")

Sheet 설정
A1: 투구수 기재율 기준 | B1: 0.9
A3: 기준을 바꾸면(예: 80%) '기준 충족' 열이 자동으로 다시 계산된다. 바꿨다면 선정 기록에 이유를 적는다.

Sheet 사용법
A1: 기록 점검표 사용법 (실행기획서 단계 6.2·6.3)
A2: 1. KBSA 홈페이지에서 2026 시즌 주말리그·황금사자기·청룡기·봉황대기에 출전한 경기도 소재 학교를 한 줄씩 적는다.
A3: 2. 학교마다 2026 공식 경기 기록을 열어, 전체 경기 수와 투수별 투구수가 적힌 경기 수를 센다.
A4: 3. 주말리그 기록 유무, 세 전국대회 출전 여부(O/X), 경기 기록이 3주 이상 끊기지 않고 이어지는 구간 수를 적는다.
A5: 4. '기준 충족'은 투구수 기재율이 '설정' 시트의 기준(기본 90%) 이상이면 자동으로 '충족'이 된다. '순위'는 충족 학교 중 공식 경기 수가 많은 순서다.
A6: 5. 순위 1~6위(초록색)를 선정한다. 동률이면 '연속 3주 이상 기록 구간 수'가 많은 학교를 먼저, 그래도 같으면 직접 판단하고 비고에 이유를 적는다.
A7: 6. 학교명이 들어가므로 이 파일은 저장소 밖 개인 폴더(예: C:\work\private\)에 두고 저장소에는 넣지 않는다(저장소 규칙 6).
